Workbook

Sheet Notice
A1: NARJISS IMMOBILIERE - Grille de commercialisation
A3: Projet : Residence Al Jawhara (jawhara) - Dcheira El Jihadia, Agadir
A4: 90 lots : 3 immeubles (A, B, C) x RDC + 4 etages x 6 lots par niveau
A6: FICHIER DE DEMONSTRATION
A7: Toutes les donnees de ce fichier sont INVENTEES : surfaces, prix, statuts, arguments de
A8: vente. Elles servent a faire tourner la demonstration du parcours client de bout en bout.
A9: Elles ne doivent en aucun cas etre communiquees a un client ni servir de base a un devis.
A11: Le jour ou le bureau de vente fournira la vraie grille, il suffira de remplacer le contenu
A12: de l'onglet Lots : la structure des colonnes et l'import restent identiques.
A14: COMMENT LIRE L'ONGLET LOTS
A15: Une ligne = un lot. La colonne statut est coloree : vert = disponible, jaune = optionne,
A16: orange = reserve, gris = vendu, rouge = bloque (logement temoin, hors commercialisation).
... A22: typologie, chiffre d'affaires signe et restant. C'est le tableau de bord du chef de vente.

Sheet Lots
A1: projet | B1: immeuble | C1: niveau | D1: numero_lot | E1: typologie | F1: surface_habitable | G1: surface_balcon | H1: surface_totale | I1: nb_chambres | J1: nb_sdb | K1: orientation | L1: exposition | M1: ascenseur | N1: parking | O1: prix_dh | P1: prix_m2 | Q1: statut | R1: date_fin_option | S1: plan_fichier | T1: notes
A2: jawhara | B2: A | C2: RDC | D2: A-RDC-01 | E2: Commerce | F2: 46 | G2: 0 | H2: =F2+G2 | I2: 0 | J2: 1 | K2: Angle | L2: Sud-Ouest | M2: Oui | N2: Aucun | O2: 694000 | P2: =IFERROR(O2/F2,"") | Q2: Disponible | T2: Local commercial avec vitrine sur la voie principale
A3: jawhara | B3: A | C3: RDC | D3: A-RDC-02 | E3: Commerce | F3: 46 | G3: 0 | H3: =F3+G3 | I3: 0 | J3: 1 | K3: Rue | L3: Sud-Ouest | M3: Oui | N3: Aucun | O3: 687000 | P3: =IFERROR(O3/F3,"") | Q3: Optionne | R3: 2026-08-14 | T3: Local commercial avec vitrine sur la voie principale
A4: jawhara | B4: A | C4: RDC | D4: A-RDC-03 | E4: Bureau | F4: 52 | G4: 0 | H4: =F4+G4 | I4: 0 | J4: 1 | K4: Rue | L4: Sud | M4: Oui | N4: Aucun | O4: 643000 | P4: =IFERROR(O4/F4,"") | Q4: Vendu | T4: Plateau de bureau modulable, entree independante
A5: jawhara | B5: A | C5: RDC | D5: A-RDC-04 | E5: F2 | F5: 61.5 | G5: 7 | H5: =F5+G5 | I5: 1 | J5: 1 | K5: Jardin | L5: Nord-Est | M5: Oui | N5: Exterieur | O5: 590000 | P5: =IFERROR(O5/F5,"") | Q5: Disponible | S5: images/projects/jawhara/plans/f2.png | T5: Acces direct au jardin interieur, ideal pour une famille
A6: jawhara | B6: A | C6: RDC | D6: A-RDC-05 | E6: F3 | F6: 85.5 | G6: 9.5 | H6: =F6+G6 | I6: 2 | J6: 2 | K6: Jardin | L6: Nord-Est | M6: Oui | N6: Exterieur | O6: 794000 | P6: =IFERROR(O6/F6,"") | Q6: Reserve | S6: images/projects/jawhara/plans/f3.png | T6: Acces direct au jardin interieur, ideal pour une famille
A7: jawhara | B7: A | C7: RDC | D7: A-RDC-06 | E7: F2 | F7: 61.5 | G7: 7 | H7: =F7+G7 | I7: 1 | J7: 1 | K7: Cour | L7: Nord | M7: Oui | N7: Exterieur | O7: 578000 | P7: =IFERROR(O7/F7,"") | Q7: Vendu | S7: images/projects/jawhara/plans/f2.png
A8: jawhara | B8: A | C8: 1 | D8: A-1-01 | E8: F3 | F8: 84 | G8: 9.5 | H8: =F8+G8 | I8: 2 | J8: 2 | K8: Rue | L8: Sud-Ouest | M8: Oui | N8: Sous-sol | O8: 803000 | P8: =IFERROR(O8/F8,"") | Q8: Vendu | S8: images/projects/jawhara/plans/f3.png
A9: jawhara | B9: A | C9: 1 | D9: A-1-02 | E9: F2 | F9: 61.5 | G9: 7 | H9: =F9+G9 | I9: 1 | J9: 1 | K9: Rue | L9: Sud-Ouest | M9: Oui | N9: Sous-sol | O9: 607000 | P9: =IFERROR(O9/F9,"") | Q9: Disponible | S9: images/projects/jawhara/plans/f2.png
A10: jawhara | B10: A | C10: 1 | D10: A-1-03 | E10: Studio | F10: 34.5 | G10: 4 | H10: =F10+G10 | I10: 0 | J10: 1 | K10: Cour | L10: Nord | M10: Oui | N10: Sous-sol | O10: 345000 | P10: =IFERROR(O10/F10,"") | Q10: Vendu | S10: images/projects/jawhara/plans/studio.png
A11: jawhara | B11: A | C11: 1 | D11: A-1-04 | E11: F3 | F11: 84 | G11: 9.5 | H11: =F11+G11 | I11: 2 | J11: 2 | K11: Cour | L11: Nord-Est | M11: Oui | N11: Sous-sol | O11: 780000 | P11: =IFERROR(O11/F11,"") | Q11: Vendu | S11: images/projects/jawhara/plans/f3.png
A12: jawhara | B12: A | C12: 1 | D12: A-1-05 | E12: F4 | F12: 109.5 | G12: 12 | H12: =F12+G12 | I12: 3 | J12: 2 | K12: Double orientation | L12: Est | M12: Oui | N12: Sous-sol | O12: 1044000 | P12: =IFERROR(O12/F12,"") | Q12: Reserve | S12: images/projects/jawhara/plans/f4.png | T12: Traversant : lumiere du matin et du soir
A13: jawhara | B13: A | C13: 1 | D13: A-1-06 | E13: F2 | F13: 61.5 | G13: 7 | H13: =F13+G13 | I13: 1 | J13: 1 | K13: Angle | L13: Nord-Ouest | M13: Oui | N13: Sous-sol | O13: 613000 | P13: =IFERROR(O13/F13,"") | Q13: Vendu | S13: images/projects/jawhara/plans/f2.png | T13: Appartement d'angle, deux facades
A14: jawhara | B14: A | C14: 2 | D14: A-2-01 | E14: F3 | F14: 84 | G14: 9.5 | H14: =F14+G14 | I14: 2 | J14: 2 | K14: Rue | L14: Sud-Ouest | M14: Oui | N14: Sous-sol | O14: 819000 | P14: =IFERROR(O14/F14,"") | Q14: Reserve | S14: images/projects/jawhara/plans/f3.png
A15: jawhara | B15: A | C15: 2 | D15: A-2-02 | E15: F2 | F15: 61.5 | G15: 7 | H15: =F15+G15 | I15: 1 | J15: 1 | K15: Rue | L15: Sud-Ouest | M15: Oui | N15: Sous-sol | O15: 619000 | P15: =IFERROR(O15/F15,"") | Q15: Disponible | S15: images/projects/jawhara/plans/f2.png
A16: jawhara | B16: A | C16: 2 | D16: A-2-03 | E16: Studio | F16: 34.5 | G16: 4 | H16: =F16+G16 | I16: 0 | J16: 1 | K16: Cour | L16: Nord | M16: Oui | N16: Sous-sol | O16: 352000 | P16: =IFERROR(O16/F16,"") | Q16: Bloque | S16: images/projects/jawhara/plans/studio.png | T16: Logement temoin, non commercialise
A17: jawhara | B17: A | C17: 2 | D17: A-2-04 | E17: F3 | F17: 84 | G17: 9.5 | H17: =F17+G17 | I17: 2 | J17: 2 | K17: Cour | L17: Nord-Est | M17: Oui | N17: Sous-sol | O17: 795000 | P17: =IFERROR(O17/F17,"") | Q17: Reserve | S17: images/projects/jawhara/plans/f3.png
A18: jawhara | B18: A | C18: 2 | D18: A-2-05 | E18: F4 | F18: 109.5 | G18: 12 | H18: =F18+G18 | I18: 3 | J18: 2 | K18: Double orientation | L18: Est | M18: Oui | N18: Sous-sol | O18: 1064000 | P18: =IFERROR(O18/F18,"") | Q18: Disponible | S18: images/projects/jawhara/plans/f4.png | T18: Traversant : lumiere du matin et du soir
A19: jawhara | B19: A | C19: 2 | D19: A-2-06 | E19: F2 | F19: 61.5 | G19: 7 | H19: =F19+G19 | I19: 1 | J19: 1 | K19: Angle | L19: Nord-Ouest | M19: Oui | N19: Sous-sol | O19: 625000 | P19: =IFERROR(O19/F19,"") | Q19: Disponible | S19: images/projects/jawhara/plans/f2.png | T19: Appartement d'angle, deux facades
A20: jawhara | B20: A | C20: 3 | D20: A-3-01 | E20: F3 | F20: 84 | G20: 9.5 | H20: =F20+G20 | I20: 2 | J20: 2 | K20: Rue | L20: Sud-Ouest | M20: Oui | N20: Sous-sol | O20: 835000 | P20: =IFERROR(O20/F20,"") | Q20: Disponible | S20: images/projects/jawhara/plans/f3.png
A21: jawhara | B21: A | C21: 3 | D21: A-3-02 | E21: F2 | F21: 61.5 | G21: 7 | H21: =F21+G21 | I21: 1 | J21: 1 | K21: Rue | L21: Sud-Ouest | M21: Oui | N21: Sous-sol | O21: 631000 | P21: =IFERROR(O21/F21,"") | Q21: Vendu | S21: images/projects/jawhara/plans/f2.png
A22: jawhara | B22: A | C22: 3 | D22: A-3-03 | E22: Studio | F22: 34.5 | G22: 4 | H22: =F22+G22 | I22: 0 | J22: 1 | K22: Cour | L22: Nord | M22: Oui | N22: Sous-sol | O22: 358000 | P22: =IFERROR(O22/F22,"") | Q22: Disponible | S22: images/projects/jawhara/plans/studio.png
A23: jawhara | B23: A | C23: 3 | D23: A-3-04 | E23: F3 | F23: 84 | G23: 9.5 | H23: =F23+G23 | I23: 2 | J23: 2 | K23: Cour | L23: Nord-Est | M23: Oui | N23: Sous-sol | O23: 810000 | P23: =IFERROR(O23/F23,"") | Q23: Vendu | S23: images/projects/jawhara/plans/f3.png
A24: jawhara | B24: A | C24: 3 | D24: A-3-05 | E24: F4 | F24: 109.5 | G24: 12 | H24: =F24+G24 | I24: 3 | J24: 2 | K24: Double orientation | L24: Est | M24: Oui | N24: Sous-sol | O24: 1085000 | P24: =IFERROR(O24/F24,"") | Q24: Vendu | S24: images/projects/jawhara/plans/f4.png | T24: Traversant : lumiere du matin et du soir
A25: jawhara | B25: A | C25: 3 | D25: A-3-06 | E25: F2 | F25: 61.5 | G25: 7 | H25: =F25+G25 | I25: 1 | J25: 1 | K25: Angle | L25: Nord-Ouest | M25: Oui | N25: Sous-sol | O25: 637000 | P25: =IFERROR(O25/F25,"") | Q25: Disponible | S25: images/projects/jawhara/plans/f2.png | T25: Appartement d'angle, deux facades
A26: jawhara | B26: A | C26: 4 | D26: A-4-01 | E26: Duplex | F26: 132 | G26: 24 | H26: =F26+G26 | I26: 4 | J26: 3 | K26: Rue | L26: Sud-Ouest | M26: Oui | N26: Sous-sol | O26: 1423000 | P26: =IFERROR(O26/F26,"") | Q26: Vendu | S26: images/projects/jawhara/plans/duplex.png | T26: Duplex avec terrasse privative, vue degagee sur l'Atlas
A27: jawhara | B27: A | C27: 4 | D27: A-4-02 | E27: F4 | F27: 108 | G27: 12 | H27: =F27+G27 | I27: 3 | J27: 2 | K27: Rue | L27: Sud-Ouest | M27: Oui | N27: Sous-sol | O27: 1079000 | P27: =IFERROR(O27/F27,"") | Q27: Reserve | S27: images/projects/jawhara/plans/f4.png | T27: Dernier etage, terrasse privative
A28: jawhara | B28: A | C28: 4 | D28: A-4-03 | E28: F2 | F28: 61.5 | G28: 7 | H28: =F28+G28 | I28: 1 | J28: 1 | K28: Cour | L28: Nord | M28: Oui | N28: Sous-sol | O28: 630000 | P28: =IFERROR(O28/F28,"") | Q28: Reserve | S28: images/projects/jawhara/plans/f2.png | T28: Dernier etage, terrasse privative
A29: jawhara | B29: A | C29: 4 | D29: A-4-04 | E29: F3 | F29: 84 | G29: 9.5 | H29: =F29+G29 | I29: 2 | J29: 2 | K29: Cour | L29: Nord-Est | M29: Oui | N29: Sous-sol | O29: 833000 | P29: =IFERROR(O29/F29,"") | Q29: Vendu | S29: images/projects/jawhara/plans/f3.png | T29: Dernier etage, terrasse privative
A30: jawhara | B30: A | C30: 4 | D30: A-4-05 | E30: Duplex | F30: 133.5 | G30: 24 | H30: =F30+G30 | I30: 4 | J30: 3 | K30: Double orientation | L30: Est | M30: Oui | N30: Sous-sol | O30: 1467000 | P30: =IFERROR(O30/F30,"") | Q30: Disponible | S30: images/projects/jawhara/plans/duplex.png | T30: Duplex avec terrasse privative, vue degagee sur l'Atlas
A31: jawhara | B31: A | C31: 4 | D31: A-4-06 | E31: F3 | F31: 84 | G31: 9.5 | H31: =F31+G31 | I31: 2 | J31: 2 | K31: Angle | L31: Nord-Ouest | M31: Oui | N31: Sous-sol | O31: 867000 | P31: =IFERROR(O31/F31,"") | Q31: Optionne | R31: 2026-08-09 | S31: images/projects/jawhara/plans/f3.png | T31: Dernier etage, terrasse privative
A32: jawhara | B32: B | C32: RDC | D32: B-RDC-01 | E32: Commerce | F32: 46.5 | G32: 0 | H32: =F32+G32 | I32: 0 | J32: 1 | K32: Angle | L32: Sud-Ouest | M32: Oui | N32: Aucun | O32: 708000 | P32: =IFERROR(O32/F32,"") | Q32: Disponible | T32: Local commercial avec vitrine sur la voie principale
A33: jawhara | B33: B | C33: RDC | D33: B-RDC-02 | E33: Commerce | F33: 46.5 | G33: 0 | H33: =F33+G33 | I33: 0 | J33: 1 | K33: Rue | L33: Sud-Ouest | M33: Oui | N33: Aucun | O33: 701000 | P33: =IFERROR(O33/F33,"") | Q33: Disponible | T33: Local commercial avec vitrine sur la voie principale
A34: jawhara | B34: B | C34: RDC | D34: B-RDC-03 | E34: Bureau | F34: 52.5 | G34: 0 | H34: =F34+G34 | I34: 0 | J34: 1 | K34: Rue | L34: Sud | M34: Oui | N34: Aucun | O34: 655000 | P34: =IFERROR(O34/F34,"") | Q34: Disponible | T34: Plateau de bureau modulable, entree independante
A35: jawhara | B35: B | C35: RDC | D35: B-RDC-04 | E35: F2 | F35: 62 | G35: 7 | H35: =F35+G35 | I35: 1 | J35: 1 | K35: Jardin | L35: Nord-Est | M35: Oui | N35: Exterieur | O35: 600000 | P35: =IFERROR(O35/F35,"") | Q35: Vendu | S35: images/projects/jawhara/plans/f2.png | T35: Acces direct au jardin interieur, ideal pour une famille
A36: jawhara | B36: B | C36: RDC | D36: B-RDC-05 | E36: F3 | F36: 86 | G36: 9.5 | H36: =F36+G36 | I36: 2 | J36: 2 | K36: Jardin | L36: Nord-Est | M36: Oui | N36: Exterieur | O36: 806000 | P36: =IFERROR(O36/F36,"") | Q36: Disponible | S36: images/projects/jawhara/plans/f3.png | T36: Acces direct au jardin interieur, ideal pour une famille
A37: jawhara | B37: B | C37: RDC | D37: B-RDC-06 | E37: F2 | F37: 62 | G37: 7 | H37: =F37+G37 | I37: 1 | J37: 1 | K37: Cour | L37: Nord | M37: Oui | N37: Exterieur | O37: 589000 | P37: =IFERROR(O37/F37,"") | Q37: Disponible | S37: images/projects/jawhara/plans/f2.png
A38: jawhara | B38: B | C38: 1 | D38: B-1-01 | E38: F3 | F38: 84.5 | G38: 9.5 | H38: =F38+G38 | I38: 2 | J38: 2 | K38: Rue | L38: Sud-Ouest | M38: Oui | N38: Sous-sol | O38: 816000 | P38: =IFERROR(O38/F38,"") | Q38: Disponible | S38: images/projects/jawhara/plans/f3.png
A39: jawhara | B39: B | C39: 1 | D39: B-1-02 | E39: F2 | F39: 62 | G39: 7 | H39: =F39+G39 | I39: 1 | J39: 1 | K39: Rue | L39: Sud-Ouest | M39: Oui | N39: Sous-sol | O39: 618000 | P39: =IFERROR(O39/F39,"") | Q39: Optionne | R39: 2026-08-14 | S39: images/projects/jawhara/plans/f2.png
A40: jawhara | B40: B | C40: 1 | D40: B-1-03 | E40: Studio | F40: 35 | G40: 4 | H40: =F40+G40 | I40: 0 | J40: 1 | K40: Cour | L40: Nord | M40: Oui | N40: Sous-sol | O40: 353000 | P40: =IFERROR(O40/F40,"") | Q40: Disponible | S40: images/projects/jawhara/plans/studio.png
A41: jawhara | B41: B | C41: 1 | D41: B-1-04 | E41: F3 | F41: 84.5 | G41: 9.5 | H41: =F41+G41 | I41: 2 | J41: 2 | K41: Cour | L41: Nord-Est | M41: Oui | N41: Sous-sol | O41: 792000 | P41: =IFERROR(O41/F41,"") | Q41: Reserve | S41: images/projects/jawhara/plans/f3.png
A42: jawhara | B42: B | C42: 1 | D42: B-1-05 | E42: F4 | F42: 110 | G42: 12 | H42: =F42+G42 | I42: 3 | J42: 2 | K42: Double orientation | L42: Est | M42: Oui | N42: Sous-sol | O42: 1059000 | P42: =IFERROR(O42/F42,"") | Q42: Disponible | S42: images/projects/jawhara/plans/f4.png | T42: Traversant : lumiere du matin et du soir
A43: jawhara | B43: B | C43: 1 | D43: B-1-06 | E43: F2 | F43: 62 | G43: 7 | H43: =F43+G43 | I43: 1 | J43: 1 | K43: Angle | L43: Nord-Ouest | M43: Oui | N43: Sous-sol | O43: 624000 | P43: =IFERROR(O43/F43,"") | Q43: Disponible | S43: images/projects/jawhara/plans/f2.png | T43: Appartement d'angle, deux facades
A44: jawhara | B44: B | C44: 2 | D44: B-2-01 | E44: F3 | F44: 84.5 | G44: 9.5 | H44: =F44+G44 | I44: 2 | J44: 2 | K44: Rue | L44: Sud-Ouest | M44: Oui | N44: Sous-sol | O44: 832000 | P44: =IFERROR(O44/F44,"") | Q44: Disponible | S44: images/projects/jawhara/plans/f3.png
A45: jawhara | B45: B | C45: 2 | D45: B-2-02 | E45: F2 | F45: 62 | G45: 7 | H45: =F45+G45 | I45: 1 | J45: 1 | K45: Rue | L45: Sud-Ouest | M45: Oui | N45: Sous-sol | O45: 631000 | P45: =IFERROR(O45/F45,"") | Q45: Disponible | S45: images/projects/jawhara/plans/f2.png
A46: jawhara | B46: B | C46: 2 | D46: B-2-03 | E46: Studio | F46: 35 | G46: 4 | H46: =F46+G46 | I46: 0 | J46: 1 | K46: Cour | L46: Nord | M46: Oui | N46: Sous-sol | O46: 360000 | P46: =IFERROR(O46/F46,"") | Q46: Bloque | S46: images/projects/jawhara/plans/studio.png | T46: Logement temoin, non commercialise
A47: jawhara | B47: B | C47: 2 | D47: B-2-04 | E47: F3 | F47: 84.5 | G47: 9.5 | H47: =F47+G47 | I47: 2 | J47: 2 | K47: Cour | L47: Nord-Est | M47: Oui | N47: Sous-sol | O47: 808000 | P47: =IFERROR(O47/F47,"") | Q47: Disponible | S47: images/projects/jawhara/plans/f3.png
A48: jawhara | B48: B | C48: 2 | D48: B-2-05 | E48: F4 | F48: 110 | G48: 12 | H48: =F48+G48 | I48: 3 | J48: 2 | K48: Double orientation | L48: Est | M48: Oui | N48: Sous-sol | O48: 1080000 | P48: =IFERROR(O48/F48,"") | Q48: Disponible | S48: images/projects/jawhara/plans/f4.png | T48: Traversant : lumiere du matin et du soir
A49: jawhara | B49: B | C49: 2 | D49: B-2-06 | E49: F2 | F49: 62 | G49: 7 | H49: =F49+G49 | I49: 1 | J49: 1 | K49: Angle | L49: Nord-Ouest | M49: Oui | N49: Sous-sol | O49: 637000 | P49: =IFERROR(O49/F49,"") | Q49: Disponible | S49: images/projects/jawhara/plans/f2.png | T49: Appartement d'angle, deux facades
A50: jawhara | B50: B | C50: 3 | D50: B-3-01 | E50: F3 | F50: 84.5 | G50: 9.5 | H50: =F50+G50 | I50: 2 | J50: 2 | K50: Rue | L50: Sud-Ouest | M50: Oui | N50: Sous-sol | O50: 848000 | P50: =IFERROR(O50/F50,"") | Q50: Disponible | S50: images/projects/jawhara/plans/f3.png
A51: jawhara | B51: B | C51: 3 | D51: B-3-02 | E51: F2 | F51: 62 | G51: 7 | H51: =F51+G51 | I51: 1 | J51: 1 | K51: Rue | L51: Sud-Ouest | M51: Oui | N51: Sous-sol | O51: 643000 | P51: =IFERROR(O51/F51,"") | Q51: Disponible | S51: images/projects/jawhara/plans/f2.png
A52: jawhara | B52: B | C52: 3 | D52: B-3-03 | E52: Studio | F52: 35 | G52: 4 | H52: =F52+G52 | I52: 0 | J52: 1 | K52: Cour | L52: Nord | M52: Oui | N52: Sous-sol | O52: 367000 | P52: =IFERROR(O52/F52,"") | Q52: Optionne | R52: 2026-08-27 | S52: images/projects/jawhara/plans/studio.png
A53: jawhara | B53: B | C53: 3 | D53: B-3-04 | E53: F3 | F53: 84.5 | G53: 9.5 | H53: =F53+G53 | I53: 2 | J53: 2 | K53: Cour | L53: Nord-Est | M53: Oui | N53: Sous-sol | O53: 823000 | P53: =IFERROR(O53/F53,"") | Q53: Vendu | S53: images/projects/jawhara/plans/f3.png
A54: jawhara | B54: B | C54: 3 | D54: B-3-05 | E54: F4 | F54: 110 | G54: 12 | H54: =F54+G54 | I54: 3 | J54: 2 | K54: Double orientation | L54: Est | M54: Oui | N54: Sous-sol | O54: 1101000 | P54: =IFERROR(O54/F54,"") | Q54: Vendu | S54: images/projects/jawhara/plans/f4.png | T54: Traversant : lumiere du matin et du soir
A55: jawhara | B55: B | C55: 3 | D55: B-3-06 | E55: F2 | F55: 62 | G55: 7 | H55: =F55+G55 | I55: 1 | J55: 1 | K55: Angle | L55: Nord-Ouest | M55: Oui | N55: Sous-sol | O55: 649000 | P55: =IFERROR(O55/F55,"") | Q55: Disponible | S55: images/projects/jawhara/plans/f2.png | T55: Appartement d'angle, deux facades
A56: jawhara | B56: B | C56: 4 | D56: B-4-01 | E56: Duplex | F56: 132.5 | G56: 24 | H56: =F56+G56 | I56: 4 | J56: 3 | K56: Rue | L56: Sud-Ouest | M56: Oui | N56: Sous-sol | O56: 1442000 | P56: =IFERROR(O56/F56,"") | Q56: Disponible | S56: images/projects/jawhara/plans/duplex.png | T56: Duplex avec terrasse privative, vue degagee sur l'Atlas
A57: jawhara | B57: B | C57: 4 | D57: B-4-02 | E57: F4 | F57: 108.5 | G57: 12 | H57: =F57+G57 | I57: 3 | J57: 2 | K57: Rue | L57: Sud-Ouest | M57: Oui | N57: Sous-sol | O57: 1095000 | P57: =IFERROR(O57/F57,"") | Q57: Disponible | S57: images/projects/jawhara/plans/f4.png | T57: Dernier etage, terrasse privative
A58: jawhara | B58: B | C58: 4 | D58: B-4-03 | E58: F2 | F58: 62 | G58: 7 | H58: =F58+G58 | I58: 1 | J58: 1 | K58: Cour | L58: Nord | M58: Oui | N58: Sous-sol | O58: 642000 | P58: =IFERROR(O58/F58,"") | Q58: Optionne | R58: 2026-08-14 | S58: images/projects/jawhara/plans/f2.png | T58: Dernier etage, terrasse privative
A59: jawhara | B59: B | C59: 4 | D59: B-4-04 | E59: F3 | F59: 84.5 | G59: 9.5 | H59: =F59+G59 | I59: 2 | J59: 2 | K59: Cour | L59: Nord-Est | M59: Oui | N59: Sous-sol | O59: 847000 | P59: =IFERROR(O59/F59,"") | Q59: Disponible | S59: images/projects/jawhara/plans/f3.png | T59: Dernier etage, terrasse privative
A60: jawhara | B60: B | C60: 4 | D60: B-4-05 | E60: Duplex | F60: 134 | G60: 24 | H60: =F60+G60 | I60: 4 | J60: 3 | K60: Double orientation | L60: Est | M60: Oui | N60: Sous-sol | O60: 1487000 | P60: =IFERROR(O60/F60,"") | Q60: Disponible | S60: images/projects/jawhara/plans/duplex.png | T60: Duplex avec terrasse privative, vue degagee sur l'Atlas
A61: jawhara | B61: B | C61: 4 | D61: B-4-06 | E61: F3 | F61: 84.5 | G61: 9.5 | H61: =F61+G61 | I61: 2 | J61: 2 | K61: Angle | L61: Nord-Ouest | M61: Oui | N61: Sous-sol | O61: 880000 | P61: =IFERROR(O61/F61,"") | Q61: Disponible | S61: images/projects/jawhara/plans/f3.png | T61: Dernier etage, terrasse privative
A62: jawhara | B62: C | C62: RDC | D62: C-RDC-01 | E62: Commerce | F62: 47 | G62: 0 | H62: =F62+G62 | I62: 0 | J62: 1 | K62: Angle | L62: Sud-Ouest | M62: Oui | N62: Aucun | O62: 730000 | P62: =IFERROR(O62/F62,"") | Q62: Disponible | T62: Local commercial avec vitrine sur la voie principale
A63: jawhara | B63: C | C63: RDC | D63: C-RDC-02 | E63: Commerce | F63: 47 | G63: 0 | H63: =F63+G63 | I63: 0 | J63: 1 | K63: Rue | L63: Sud-Ouest | M63: Oui | N63: Aucun | O63: 723000 | P63: =IFERROR(O63/F63,"") | Q63: Disponible | T63: Local commercial avec vitrine sur la voie principale
A64: jawhara | B64: C | C64: RDC | D64: C-RDC-03 | E64: Bureau | F64: 53 | G64: 0 | H64: =F64+G64 | I64: 0 | J64: 1 | K64: Rue | L64: Sud | M64: Oui | N64: Aucun | O64: 675000 | P64: =IFERROR(O64/F64,"") | Q64: Disponible | T64: Plateau de bureau modulable, entree independante
A65: jawhara | B65: C | C65: RDC | D65: C-RDC-04 | E65: F2 | F65: 62.5 | G65: 7 | H65: =F65+G65 | I65: 1 | J65: 1 | K65: Jardin | L65: Nord-Est | M65: Oui | N65: Exterieur | O65: 617000 | P65: =IFERROR(O65/F65,"") | Q65: Disponible | S65: images/projects/jawhara/plans/f2.png | T65: Acces direct au jardin interieur, ideal pour une famille
A66: jawhara | B66: C | C66: RDC | D66: C-RDC-05 | E66: F3 | F66: 86.5 | G66: 9.5 | H66: =F66+G66 | I66: 2 | J66: 2 | K66: Jardin | L66: Nord-Est | M66: Oui | N66: Exterieur | O66: 827000 | P66: =IFERROR(O66/F66,"") | Q66: Optionne | R66: 2026-08-09 | S66: images/projects/jawhara/plans/f3.png | T66: Acces direct au jardin interieur, ideal pour une famille
A67: jawhara | B67: C | C67: RDC | D67: C-RDC-06 | E67: F2 | F67: 62.5 | G67: 7 | H67: =F67+G67 | I67: 1 | J67: 1 | K67: Cour | L67: Nord | M67: Oui | N67: Exterieur | O67: 605000 | P67: =IFERROR(O67/F67,"") | Q67: Disponible | S67: images/projects/jawhara/plans/f2.png
A68: jawhara | B68: C | C68: 1 | D68: C-1-01 | E68: F3 | F68: 85 | G68: 9.5 | H68: =F68+G68 | I68: 2 | J68: 2 | K68: Rue | L68: Sud-Ouest | M68: Oui | N68: Sous-sol | O68: 837000 | P68: =IFERROR(O68/F68,"") | Q68: Disponible | S68: images/projects/jawhara/plans/f3.png
A69: jawhara | B69: C | C69: 1 | D69: C-1-02 | E69: F2 | F69: 62.5 | G69: 7 | H69: =F69+G69 | I69: 1 | J69: 1 | K69: Rue | L69: Sud-Ouest | M69: Oui | N69: Sous-sol | O69: 636000 | P69: =IFERROR(O69/F69,"") | Q69: Disponible | S69: images/projects/jawhara/plans/f2.png
A70: jawhara | B70: C | C70: 1 | D70: C-1-03 | E70: Studio | F70: 35.5 | G70: 4 | H70: =F70+G70 | I70: 0 | J70: 1 | K70: Cour | L70: Nord | M70: Oui | N70: Sous-sol | O70: 366000 | P70: =IFERROR(O70/F70,"") | Q70: Disponible | S70: images/projects/jawhara/plans/studio.png
A71: jawhara | B71: C | C71: 1 | D71: C-1-04 | E71: F3 | F71: 85 | G71: 9.5 | H71: =F71+G71 | I71: 2 | J71: 2 | K71: Cour | L71: Nord-Est | M71: Oui | N71: Sous-sol | O71: 813000 | P71: =IFERROR(O71/F71,"") | Q71: Disponible | S71: images/projects/jawhara/plans/f3.png
A72: jawhara | B72: C | C72: 1 | D72: C-1-05 | E72: F4 | F72: 110.5 | G72: 12 | H72: =F72+G72 | I72: 3 | J72: 2 | K72: Double orientation | L72: Est | M72: Oui | N72: Sous-sol | O72: 1085000 | P72: =IFERROR(O72/F72,"") | Q72: Vendu | S72: images/projects/jawhara/plans/f4.png | T72: Traversant : lumiere du matin et du soir
A73: jawhara | B73: C | C73: 1 | D73: C-1-06 | E73: F2 | F73: 62.5 | G73: 7 | H73: =F73+G73 | I73: 1 | J73: 1 | K73: Angle | L73: Nord-Ouest | M73: Oui | N73: Sous-sol | O73: 642000 | P73: =IFERROR(O73/F73,"") | Q73: Disponible | S73: images/projects/jawhara/plans/f2.png | T73: Appartement d'angle, deux facades
A74: jawhara | B74: C | C74: 2 | D74: C-2-01 | E74: F3 | F74: 85 | G74: 9.5 | H74: =F74+G74 | I74: 2 | J74: 2 | K74: Rue | L74: Sud-Ouest | M74: Oui | N74: Sous-sol | O74: 853000 | P74: =IFERROR(O74/F74,"") | Q74: Disponible | S74: images/projects/jawhara/plans/f3.png
A75: jawhara | B75: C | C75: 2 | D75: C-2-02 | E75: F2 | F75: 62.5 | G75: 7 | H75: =F75+G75 | I75: 1 | J75: 1 | K75: Rue | L75: Sud-Ouest | M75: Oui | N75: Sous-sol | O75: 648000 | P75: =IFERROR(O75/F75,"") | Q75: Disponible | S75: images/projects/jawhara/plans/f2.png
A76: jawhara | B76: C | C76: 2 | D76: C-2-03 | E76: Studio | F76: 35.5 | G76: 4 | H76: =F76+G76 | I76: 0 | J76: 1 | K76: Cour | L76: Nord | M76: Oui | N76: Sous-sol | O76: 373000 | P76: =IFERROR(O76/F76,"") | Q76: Bloque | S76: images/projects/jawhara/plans/studio.png | T76: Logement temoin, non commercialise
A77: jawhara | B77: C | C77: 2 | D77: C-2-04 | E77: F3 | F77: 85 | G77: 9.5 | H77: =F77+G77 | I77: 2 | J77: 2 | K77: Cour | L77: Nord-Est | M77: Oui | N77: Sous-sol | O77: 829000 | P77: =IFERROR(O77/F77,"") | Q77: Disponible | S77: images/projects/jawhara/plans/f3.png
A78: jawhara | B78: C | C78: 2 | D78: C-2-05 | E78: F4 | F78: 110.5 | G78: 12 | H78: =F78+G78 | I78: 3 | J78: 2 | K78: Double orientation | L78: Est | M78: Oui | N78: Sous-sol | O78: 1106000 | P78: =IFERROR(O78/F78,"") | Q78: Disponible | S78: images/projects/jawhara/plans/f4.png | T78: Traversant : lumiere du matin et du soir
A79: jawhara | B79: C | C79: 2 | D79: C-2-06 | E79: F2 | F79: 62.5 | G79: 7 | H79: =F79+G79 | I79: 1 | J79: 1 | K79: Angle | L79: Nord-Ouest | M79: Oui | N79: Sous-sol | O79: 655000 | P79: =IFERROR(O79/F79,"") | Q79: Disponible | S79: images/projects/jawhara/plans/f2.png | T79: Appartement d'angle, deux facades
A80: jawhara | B80: C | C80: 3 | D80: C-3-01 | E80: F3 | F80: 85 | G80: 9.5 | H80: =F80+G80 | I80: 2 | J80: 2 | K80: Rue | L80: Sud-Ouest | M80: Oui | N80: Sous-sol | O80: 870000 | P80: =IFERROR(O80/F80,"") | Q80: Disponible | S80: images/projects/jawhara/plans/f3.png
A81: jawhara | B81: C | C81: 3 | D81: C-3-02 | E81: F2 | F81: 62.5 | G81: 7 | H81: =F81+G81 | I81: 1 | J81: 1 | K81: Rue | L81: Sud-Ouest | M81: Oui | N81: Sous-sol | O81: 661000 | P81: =IFERROR(O81/F81,"") | Q81: Disponible | S81: images/projects/jawhara/plans/f2.png
A82: jawhara | B82: C | C82: 3 | D82: C-3-03 | E82: Studio | F82: 35.5 | G82: 4 | H82: =F82+G82 | I82: 0 | J82: 1 | K82: Cour | L82: Nord | M82: Oui | N82: Sous-sol | O82: 380000 | P82: =IFERROR(O82/F82,"") | Q82: Disponible | S82: images/projects/jawhara/plans/studio.png
A83: jawhara | B83: C | C83: 3 | D83: C-3-04 | E83: F3 | F83: 85 | G83: 9.5 | H83: =F83+G83 | I83: 2 | J83: 2 | K83: Cour | L83: Nord-Est | M83: Oui | N83: Sous-sol | O83: 845000 | P83: =IFERROR(O83/F83,"") | Q83: Disponible | S83: images/projects/jawhara/plans/f3.png
A84: jawhara | B84: C | C84: 3 | D84: C-3-05 | E84: F4 | F84: 110.5 | G84: 12 | H84: =F84+G84 | I84: 3 | J84: 2 | K84: Double orientation | L84: Est | M84: Oui | N84: Sous-sol | O84: 1127000 | P84: =IFERROR(O84/F84,"") | Q84: Disponible | S84: images/projects/jawhara/plans/f4.png | T84: Traversant : lumiere du matin et du soir
A85: jawhara | B85: C | C85: 3 | D85: C-3-06 | E85: F2 | F85: 62.5 | G85: 7 | H85: =F85+G85 | I85: 1 | J85: 1 | K85: Angle | L85: Nord-Ouest | M85: Oui | N85: Sous-sol | O85: 667000 | P85: =IFERROR(O85/F85,"") | Q85: Disponible | S85: images/projects/jawhara/plans/f2.png | T85: Appartement d'angle, deux facades
A86: jawhara | B86: C | C86: 4 | D86: C-4-01 | E86: Duplex | F86: 133 | G86: 24 | H86: =F86+G86 | I86: 4 | J86: 3 | K86: Rue | L86: Sud-Ouest | M86: Oui | N86: Sous-sol | O86: 1476000 | P86: =IFERROR(O86/F86,"") | Q86: Disponible | S86: images/projects/jawhara/plans/duplex.png | T86: Duplex avec terrasse privative, vue degagee sur l'Atlas
A87: jawhara | B87: C | C87: 4 | D87: C-4-02 | E87: F4 | F87: 109 | G87: 12 | H87: =F87+G87 | I87: 3 | J87: 2 | K87: Rue | L87: Sud-Ouest | M87: Oui | N87: Sous-sol | O87: 1122000 | P87: =IFERROR(O87/F87,"") | Q87: Disponible | S87: images/projects/jawhara/plans/f4.png | T87: Dernier etage, terrasse privative
A88: jawhara | B88: C | C88: 4 | D88: C-4-03 | E88: F2 | F88: 62.5 | G88: 7 | H88: =F88+G88 | I88: 1 | J88: 1 | K88: Cour | L88: Nord | M88: Oui | N88: Sous-sol | O88: 660000 | P88: =IFERROR(O88/F88,"") | Q88: Disponible | S88: images/projects/jawhara/plans/f2.png | T88: Dernier etage, terrasse privative
A89: jawhara | B89: C | C89: 4 | D89: C-4-04 | E89: F3 | F89: 85 | G89: 9.5 | H89: =F89+G89 | I89: 2 | J89: 2 | K89: Cour | L89: Nord-Est | M89: Oui | N89: Sous-sol | O89: 868000 | P89: =IFERROR(O89/F89,"") | Q89: Reserve | S89: images/projects/jawhara/plans/f3.png | T89: Dernier etage, terrasse privative
A90: jawhara | B90: C | C90: 4 | D90: C-4-05 | E90: Duplex | F90: 134.5 | G90: 24 | H90: =F90+G90 | I90: 4 | J90: 3 | K90: Double orientation | L90: Est | M90: Oui | N90: Sous-sol | O90: 1522000 | P90: =IFERROR(O90/F90,"") | Q90: Disponible | S90: images/projects/jawhara/plans/duplex.png | T90: Duplex avec terrasse privative, vue degagee sur l'Atlas
A91: jawhara | B91: C | C91: 4 | D91: C-4-06 | E91: F3 | F91: 85 | G91: 9.5 | H91: =F91+G91 | I91: 2 | J91: 2 | K91: Angle | L91: Nord-Ouest | M91: Oui | N91: Sous-sol | O91: 903000 | P91: =IFERROR(O91/F91,"") | Q91: Disponible | S91: images/projects/jawhara/plans/f3.png | T91: Dernier etage, terrasse privative

Sheet Synthese
A1: Etat de la commercialisation
A2: Se recalcule automatiquement depuis l'onglet Lots.
A4: Par immeuble
B5: Disponible | C5: Optionne | D5: Reserve | E5: Vendu | F5: Bloque | G5: Total
A6: A | B6: =COUNTIFS(Lots!$B$2:$B$91,"A",Lots!$Q$2:$Q$91,"Disponible") | C6: =COUNTIFS(Lots!$B$2:$B$91,"A",Lots!$Q$2:$Q$91,"Optionne") | D6: =COUNTIFS(Lots!$B$2:$B$91,"A",Lots!$Q$2:$Q$91,"Reserve") | E6: =COUNTIFS(Lots!$B$2:$B$91,"A",Lots!$Q$2:$Q$91,"Vendu") | F6: =COUNTIFS(Lots!$B$2:$B$91,"A",Lots!$Q$2:$Q$91,"Bloque") | G6: =SUM(B6:F6)
A7: B | B7: =COUNTIFS(Lots!$B$2:$B$91,"B",Lots!$Q$2:$Q$91,"Disponible") | C7: =COUNTIFS(Lots!$B$2:$B$91,"B",Lots!$Q$2:$Q$91,"Optionne") | D7: =COUNTIFS(Lots!$B$2:$B$91,"B",Lots!$Q$2:$Q$91,"Reserve") | E7: =COUNTIFS(Lots!$B$2:$B$91,"B",Lots!$Q$2:$Q$91,"Vendu") | F7: =COUNTIFS(Lots!$B$2:$B$91,"B",Lots!$Q$2:$Q$91,"Bloque") | G7: =SUM(B7:F7)
A8: C | B8: =COUNTIFS(Lots!$B$2:$B$91,"C",Lots!$Q$2:$Q$91,"Disponible") | C8: =COUNTIFS(Lots!$B$2:$B$91,"C",Lots!$Q$2:$Q$91,"Optionne") | D8: =COUNTIFS(Lots!$B$2:$B$91,"C",Lots!$Q$2:$Q$91,"Reserve") | E8: =COUNTIFS(Lots!$B$2:$B$91,"C",Lots!$Q$2:$Q$91,"Vendu") | F8: =COUNTIFS(Lots!$B$2:$B$91,"C",Lots!$Q$2:$Q$91,"Bloque") | G8: =SUM(B8:F8)
A10: Par typologie
B11: Disponible | C11: Optionne | D11: Reserve | E11: Vendu | F11: Bloque | G11: Total
A12: Studio | B12: =COUNTIFS(Lots!$E$2:$E$91,"Studio",Lots!$Q$2:$Q$91,"Disponible") | C12: =COUNTIFS(Lots!$E$2:$E$91,"Studio",Lots!$Q$2:$Q$91,"Optionne") | D12: =COUNTIFS(Lots!$E$2:$E$91,"Studio",Lots!$Q$2:$Q$91,"Reserve") | E12: =COUNTIFS(Lots!$E$2:$E$91,"Studio",Lots!$Q$2:$Q$91,"Vendu") | F12: =COUNTIFS(Lots!$E$2:$E$91,"Studio",Lots!$Q$2:$Q$91,"Bloque") | G12: =SUM(B12:F12)
A13: F2 | B13: =COUNTIFS(Lots!$E$2:$E$91,"F2",Lots!$Q$2:$Q$91,"Disponible") | C13: =COUNTIFS(Lots!$E$2:$E$91,"F2",Lots!$Q$2:$Q$91,"Optionne") | D13: =COUNTIFS(Lots!$E$2:$E$91,"F2",Lots!$Q$2:$Q$91,"Reserve") | E13: =COUNTIFS(Lots!$E$2:$E$91,"F2",Lots!$Q$2:$Q$91,"Vendu") | F13: =COUNTIFS(Lots!$E$2:$E$91,"F2",Lots!$Q$2:$Q$91,"Bloque") | G13: =SUM(B13:F13)
A14: F3 | B14: =COUNTIFS(Lots!$E$2:$E$91,"F3",Lots!$Q$2:$Q$91,"Disponible") | C14: =COUNTIFS(Lots!$E$2:$E$91,"F3",Lots!$Q$2:$Q$91,"Optionne") | D14: =COUNTIFS(Lots!$E$2:$E$91,"F3",Lots!$Q$2:$Q$91,"Reserve") | E14: =COUNTIFS(Lots!$E$2:$E$91,"F3",Lots!$Q$2:$Q$91,"Vendu") | F14: =COUNTIFS(Lots!$E$2:$E$91,"F3",Lots!$Q$2:$Q$91,"Bloque") | G14: =SUM(B14:F14)
A15: F4 | B15: =COUNTIFS(Lots!$E$2:$E$91,"F4",Lots!$Q$2:$Q$91,"Disponible") | C15: =COUNTIFS(Lots!$E$2:$E$91,"F4",Lots!$Q$2:$Q$91,"Optionne") | D15: =COUNTIFS(Lots!$E$2:$E$91,"F4",Lots!$Q$2:$Q$91,"Reserve") | E15: =COUNTIFS(Lots!$E$2:$E$91,"F4",Lots!$Q$2:$Q$91,"Vendu") | F15: =COUNTIFS(Lots!$E$2:$E$91,"F4",Lots!$Q$2:$Q$91,"Bloque") | G15: =SUM(B15:F15)
A16: Duplex | B16: =COUNTIFS(Lots!$E$2:$E$91,"Duplex",Lots!$Q$2:$Q$91,"Disponible") | C16: =COUNTIFS(Lots!$E$2:$E$91,"Duplex",Lots!$Q$2:$Q$91,"Optionne") | D16: =COUNTIFS(Lots!$E$2:$E$91,"Duplex",Lots!$Q$2:$Q$91,"Reserve") | E16: =COUNTIFS(Lots!$E$2:$E$91,"Duplex",Lots!$Q$2:$Q$91,"Vendu") | F16: =COUNTIFS(Lots!$E$2:$E$91,"Duplex",Lots!$Q$2:$Q$91,"Bloque") | G16: =SUM(B16:F16)
A17: Bureau | B17: =COUNTIFS(Lots!$E$2:$E$91,"Bureau",Lots!$Q$2:$Q$91,"Disponible") | C17: =COUNTIFS(Lots!$E$2:$E$91,"Bureau",Lots!$Q$2:$Q$91,"Optionne") | D17: =COUNTIFS(Lots!$E$2:$E$91,"Bureau",Lots!$Q$2:$Q$91,"Reserve") | E17: =COUNTIFS(Lots!$E$2:$E$91,"Bureau",Lots!$Q$2:$Q$91,"Vendu") | F17: =COUNTIFS(Lots!$E$2:$E$91,"Bureau",Lots!$Q$2:$Q$91,"Bloque") | G17: =SUM(B17:F17)
A18: Commerce | B18: =COUNTIFS(Lots!$E$2:$E$91,"Commerce",Lots!$Q$2:$Q$91,"Disponible") | C18: =COUNTIFS(Lots!$E$2:$E$91,"Commerce",Lots!$Q$2:$Q$91,"Optionne") | D18: =COUNTIFS(Lots!$E$2:$E$91,"Commerce",Lots!$Q$2:$Q$91,"Reserve") | E18: =COUNTIFS(Lots!$E$2:$E$91,"Commerce",Lots!$Q$2:$Q$91,"Vendu") | F18: =COUNTIFS(Lots!$E$2:$E$91,"Commerce",Lots!$Q$2:$Q$91,"Bloque") | G18: =SUM(B18:F18)
A20: Par orientation
B21: Disponible | C21: Optionne | D21: Reserve | E21: Vendu | F21: Bloque | G21: Total
A22: Rue | B22: =COUNTIFS(Lots!$K$2:$K$91,"Rue",Lots!$Q$2:$Q$91,"Disponible") | C22: =COUNTIFS(Lots!$K$2:$K$91,"Rue",Lots!$Q$2:$Q$91,"Optionne") | D22: =COUNTIFS(Lots!$K$2:$K$91,"Rue",Lots!$Q$2:$Q$91,"Reserve") | E22: =COUNTIFS(Lots!$K$2:$K$91,"Rue",Lots!$Q$2:$Q$91,"Vendu") | F22: =COUNTIFS(Lots!$K$2:$K$91,"Rue",Lots!$Q$2:$Q$91,"Bloque") | G22: =SUM(B22:F22)
A23: Cour | B23: =COUNTIFS(Lots!$K$2:$K$91,"Cour",Lots!$Q$2:$Q$91,"Disponible") | C23: =COUNTIFS(Lots!$K$2:$K$91,"Cour",Lots!$Q$2:$Q$91,"Optionne") | D23: =COUNTIFS(Lots!$K$2:$K$91,"Cour",Lots!$Q$2:$Q$91,"Reserve") | E23: =COUNTIFS(Lots!$K$2:$K$91,"Cour",Lots!$Q$2:$Q$91,"Vendu") | F23: =COUNTIFS(Lots!$K$2:$K$91,"Cour",Lots!$Q$2:$Q$91,"Bloque") | G23: =SUM(B23:F23)
A24: Jardin | B24: =COUNTIFS(Lots!$K$2:$K$91,"Jardin",Lots!$Q$2:$Q$91,"Disponible") | C24: =COUNTIFS(Lots!$K$2:$K$91,"Jardin",Lots!$Q$2:$Q$91,"Optionne") | D24: =COUNTIFS(Lots!$K$2:$K$91,"Jardin",Lots!$Q$2:$Q$91,"Reserve") | E24: =COUNTIFS(Lots!$K$2:$K$91,"Jardin",Lots!$Q$2:$Q$91,"Vendu") | F24: =COUNTIFS(Lots!$K$2:$K$91,"Jardin",Lots!$Q$2:$Q$91,"Bloque") | G24: =SUM(B24:F24)
A25: Double orientation | B25: =COUNTIFS(Lots!$K$2:$K$91,"Double orientation",Lots!$Q$2:$Q$91,"Disponible") | C25: =COUNTIFS(Lots!$K$2:$K$91,"Double orientation",Lots!$Q$2:$Q$91,"Optionne") | D25: =COUNTIFS(Lots!$K$2:$K$91,"Double orientation",Lots!$Q$2:$Q$91,"Reserve") | E25: =COUNTIFS(Lots!$K$2:$K$91,"Double orientation",Lots!$Q$2:$Q$91,"Vendu") | F25: =COUNTIFS(Lots!$K$2:$K$91,"Double orientation",Lots!$Q$2:$Q$91,"Bloque") | G25: =SUM(B25:F25)
A26: Angle | B26: =COUNTIFS(Lots!$K$2:$K$91,"Angle",Lots!$Q$2:$Q$91,"Disponible") | C26: =COUNTIFS(Lots!$K$2:$K$91,"Angle",Lots!$Q$2:$Q$91,"Optionne") | D26: =COUNTIFS(Lots!$K$2:$K$91,"Angle",Lots!$Q$2:$Q$91,"Reserve") | E26: =COUNTIFS(Lots!$K$2:$K$91,"Angle",Lots!$Q$2:$Q$91,"Vendu") | F26: =COUNTIFS(Lots!$K$2:$K$91,"Angle",Lots!$Q$2:$Q$91,"Bloque") | G26: =SUM(B26:F26)
A28: Chiffre d'affaires
A29: Total du programme | B29: =SUM(Lots!$O$2:$O$91)
A30: Signe (vendu) | B30: =SUMIFS(Lots!$O$2:$O$91,Lots!$Q$2:$Q$91,"Vendu")
A31: Engage (reserve + optionne) | B31: =SUMIFS(Lots!$O$2:$O$91,Lots!$Q$2:$Q$91,"Reserve")+SUMIFS(Lots!$O$2:$O$91,Lots!$Q$2:$Q$91,"Optionne")
A32: Restant a vendre | B32: =SUMIFS(Lots!$O$2:$O$91,Lots!$Q$2:$Q$91,"Disponible")
A33: Prix moyen au m2 | B33: =IFERROR(SUM(Lots!$O$2:$O$91)/SUM(Lots!$F$2:$F$91),"")
A34: Surface totale (m2) | B34: =SUM(Lots!$F$2:$F$91)

Sheet Listes
A1: Valeurs autorisees dans les listes deroulantes de l'onglet Lots
A3: typologie | B3: orientation | C3: exposition | D3: statut | E3: ascenseur | F3: parking | G3: niveau | H3: immeuble
A4: Studio | B4: Rue | C4: Nord | D4: Disponible | E4: Oui | F4: Aucun | G4: RDC | H4: A
A5: F2 | B5: Cour | C5: Nord-Est | D5: Optionne | E5: Non | F5: Sous-sol | G5: 1 | H5: B
A6: F3 | B6: Jardin | C6: Est | D6: Reserve | F6: Exterieur | G6: 2 | H6: C
A7: F4 | B7: Double orientation | C7: Sud-Est | D7: Vendu | F7: Box | G7: 3
A8: F5 | B8: Angle | C8: Sud | D8: Bloque | G8: 4
A9: Duplex | C9: Sud-Ouest
A10: Bureau | C10: Ouest
A11: Commerce | C11: Nord-Ouest
